{
    "layerCount": 15,
    "baseCanvasWidth": 1082,
    "baseCanvasHeight": 1650,
    "TextureNum": [
        {
            "imageCount": 1,
            "texImg": [
                "packed_texture.png"
            ],
            "canvasWidth": 2048,
            "canvasHeight": 2048
        }
    ],
    "templateParams": [
        {
            "ParamEyeLOpen": "layer_11",
            "ParamEyeLClose": "layer_8",
            "ParamEyeLSmile": "layer_1",
            "ParamEyeROpen": "layer_11",
            "ParamEyeRClose": "layer_9",
            "ParamEyeRSmile": "layer_8",
            "ParamBrowL": "layer_13",
            "ParamBrowR": "layer_13",
            "ParamMouthOpen": "layer_6",
            "ParamMouthClose": "layer_7"
        }
    ],
    "templateGroups": [
        {
            "ParamGroupBase": 
            [    
                "base",
                "false"
                ],
            "ParamGroupEyes": "eyes",
            "ParamGroupBrows": "brows",
            "ParamGroupMouth": "mouth"
        }
    ],
    "layers": [
        {
            "fileName": "01.png",
            "x": 0,
            "y": 0,
            "width": 209,
            "height": 478,
            "basePosition_x": 272,
            "basePosition_y": 592,
            "textureZIndex": 0,
            "imgType": "Texture",
            "textureID": "layer_1",
            "group": "base",
            "animID": "",
            "anchorPoint_x": 0,
            "anchorPoint_y": 0
        },
        {
            "fileName": "02.png",
            "x": 209,
            "y": 0,
            "width": 182,
            "height": 477,
            "basePosition_x": 580,
            "basePosition_y": 595,
            "textureZIndex": 1,
            "imgType": "Texture",
            "textureID": "layer_2",
            "group": "base",
            "animID": "",
            "anchorPoint_x": 0,
            "anchorPoint_y": 0
        },
        {
            "fileName": "03.png",
            "x": 391,
            "y": 0,
            "width": 658,
            "height": 1415,
            "basePosition_x": 306,
            "basePosition_y": 167,
            "textureZIndex": 2,
            "imgType": "Texture",
            "textureID": "layer_3",
            "group": "base",
            "animID": "",
            "anchorPoint_x": 0,
            "anchorPoint_y": 0
        },
        {
            "fileName": "04.png",
            "x": 1049,
            "y": 0,
            "width": 171,
            "height": 475,
            "basePosition_x": 591,
            "basePosition_y": 600,
            "textureZIndex": 3,
            "imgType": "Texture",
            "textureID": "layer_4",
            "group": "base",
            "animID": "",
            "anchorPoint_x": 0,
            "anchorPoint_y": 0
        },
        {
            "fileName": "05.png",
            "x": 1220,
            "y": 0,
            "width": 202,
            "height": 474,
            "basePosition_x": 271,
            "basePosition_y": 599,
            "textureZIndex": 4,
            "imgType": "Texture",
            "textureID": "layer_5",
            "group": "base",
            "animID": "",
            "anchorPoint_x": 0,
            "anchorPoint_y": 0
        },
        {
            "fileName": "06.png",
            "x": 1422,
            "y": 0,
            "width": 66,
            "height": 61,
            "basePosition_x": 460,
            "basePosition_y": 474,
            "textureZIndex": 5,
            "imgType": "Texture",
            "textureID": "layer_6",
            "group": "mouth",
            "animID": "",
            "anchorPoint_x": 0,
            "anchorPoint_y": 0
        },
        {
            "fileName": "07.png",
            "x": 1488,
            "y": 0,
            "width": 58,
            "height": 16,
            "basePosition_x": 466,
            "basePosition_y": 496,
            "textureZIndex": 6,
            "imgType": "Texture",
            "textureID": "layer_7",
            "group": "mouth",
            "animID": "",
            "anchorPoint_x": 0,
            "anchorPoint_y": 0
        },
        {
            "fileName": "08.png",
            "x": 1546,
            "y": 0,
            "width": 222,
            "height": 48,
            "basePosition_x": 379,
            "basePosition_y": 396,
            "textureZIndex": 7,
            "imgType": "Texture",
            "textureID": "layer_8",
            "group": "eyes",
            "animID": "",
            "anchorPoint_x": 0,
            "anchorPoint_y": 0
        },
        {
            "fileName": "09.png",
            "x": 1768,
            "y": 0,
            "width": 231,
            "height": 33,
            "basePosition_x": 376,
            "basePosition_y": 406,
            "textureZIndex": 8,
            "imgType": "Texture",
            "textureID": "layer_9",
            "group": "eyes",
            "animID": "",
            "anchorPoint_x": 0,
            "anchorPoint_y": 0
        },
        {
            "fileName": "10.png",
            "x": 0,
            "y": 1415,
            "width": 250,
            "height": 72,
            "basePosition_x": 368,
            "basePosition_y": 372,
            "textureZIndex": 9,
            "imgType": "Texture",
            "textureID": "layer_10",
            "group": "eyes",
            "animID": "",
            "anchorPoint_x": 0,
            "anchorPoint_y": 0
        },
        {
            "fileName": "11.png",
            "x": 250,
            "y": 1415,
            "width": 256,
            "height": 106,
            "basePosition_x": 363,
            "basePosition_y": 352,
            "textureZIndex": 10,
            "imgType": "Texture",
            "textureID": "layer_11",
            "group": "eyes",
            "animID": "",
            "anchorPoint_x": 0,
            "anchorPoint_y": 0
        },
        {
            "fileName": "12.png",
            "x": 506,
            "y": 1415,
            "width": 250,
            "height": 107,
            "basePosition_x": 366,
            "basePosition_y": 351,
            "textureZIndex": 11,
            "imgType": "Texture",
            "textureID": "layer_12",
            "group": "eyes",
            "animID": "",
            "anchorPoint_x": 0,
            "anchorPoint_y": 0
        },
        {
            "fileName": "13.png",
            "x": 756,
            "y": 1415,
            "width": 216,
            "height": 18,
            "basePosition_x": 383,
            "basePosition_y": 305,
            "textureZIndex": 12,
            "imgType": "Texture",
            "textureID": "layer_13",
            "group": "brows",
            "animID": "",
            "anchorPoint_x": 0,
            "anchorPoint_y": 0
        },
        {
            "fileName": "14.png",
            "x": 972,
            "y": 1415,
            "width": 549,
            "height": 423,
            "basePosition_x": 258,
            "basePosition_y": 109,
            "textureZIndex": 13,
            "imgType": "Texture",
            "textureID": "layer_14",
            "group": "base",
            "animID": "",
            "anchorPoint_x": 0,
            "anchorPoint_y": 0
        },
        {
            "fileName": "15.png",
            "x": 1521,
            "y": 1415,
            "width": 158,
            "height": 116,
            "basePosition_x": 435,
            "basePosition_y": 87,
            "textureZIndex": 14,
            "imgType": "Texture",
            "textureID": "layer_15",
            "group": "base",
            "animID": "",
            "anchorPoint_x": 78,
            "anchorPoint_y": 90
        }
    ],
    "directory": ""
}