{
    
    "layerCount": 2,
    "baseCanvasWidth": 1920,
    "baseCanvasHeight": 1080,
    "TextureNum": [
        {
            "imageCount": 1,
            "texImg": ["texture_room_4096.png"],
            "canvasWidth": 4096,
            "canvasHeight": 4096
        }
    ],
    "layers": [
        {
            "fileName": "",
            "imgType": "Texture",
            "textureID": "layer_1",
            "animID":"",
            "x": 0,
            "y": 0,
            "width": 1920,
            "height": 1080,
            "basePosition_x": 0,
            "basePosition_y": 0,
            "textureZIndex": 0
        },
        {
            "fileName": "",
            "imgType": "Sprite",
            "assignID": "s_01",
            "animID":"anim01",
            "x": 0,
            "y": 1080,
            "width": 408,
            "height": 336,
            "basePosition_x": 415,
            "basePosition_y": 563,
            "textureZIndex": 1
        },
        {
            "fileName": "",
            "imgType": "Sprite",
            "assignID": "s_02",
            "animID":"anim01",
            "x": 408,
            "y": 1080,
            "width": 408,
            "height": 336,
            "basePosition_x": 415,
            "basePosition_y": 563,
            "textureZIndex": 1
        },
        {
            "fileName": "",
            "imgType": "Sprite",
            "assignID": "s_03",
            "animID":"anim01",
            "x": 816,
            "y": 1080,
            "width": 408,
            "height": 336,
            "basePosition_x": 415,
            "basePosition_y": 563,
            "textureZIndex": 1
        },
        {
            "fileName": "",
            "imgType": "Sprite",
            "assignID": "s_04",
            "animID":"anim01",
            "x": 1224,
            "y": 1080,
            "width": 408,
            "height": 336,
            "basePosition_x": 415,
            "basePosition_y": 563,
            "textureZIndex": 1
        },
        {
            "fileName": "",
            "imgType": "Sprite",
            "assignID": "s_05",
            "animID":"anim01",
            "x": 1632,
            "y": 1080,
            "width": 408,
            "height": 336,
            "basePosition_x": 415,
            "basePosition_y": 563,
            "textureZIndex": 1
        },
        {
            "fileName": "",
            "imgType": "Sprite",
            "assignID": "s_06",
            "animID":"anim01",
            "x": 0,
            "y": 1416,
            "width": 408,
            "height": 336,
            "basePosition_x": 415,
            "basePosition_y": 563,
            "textureZIndex": 1
        },
        {
            "fileName": "",
            "imgType": "Sprite",
            "assignID": "s_07",
            "animID":"anim01",
            "x": 408,
            "y": 1416,
            "width": 408,
            "height": 336,
            "basePosition_x": 415,
            "basePosition_y": 563,
            "textureZIndex": 1
        },
        {
            "fileName": "",
            "imgType": "Sprite",
            "assignID": "s_08",
            "animID":"anim01",
            "x": 816,
            "y": 1416,
            "width": 408,
            "height": 336,
            "basePosition_x": 415,
            "basePosition_y": 563,
            "textureZIndex": 1
        },
        {
            "fileName": "",
            "imgType": "Sprite",
            "assignID": "s_09",
            "animID":"anim01",
            "x": 1224,
            "y": 1416,
            "width": 408,
            "height": 336,
            "basePosition_x": 415,
            "basePosition_y": 563,
            "textureZIndex": 1
        },
        {
            "fileName": "",
            "imgType": "Sprite",
            "assignID": "s_10",
            "animID":"anim01",
            "x": 1632,
            "y": 1416,
            "width": 408,
            "height": 336,
            "basePosition_x": 415,
            "basePosition_y": 563,
            "textureZIndex": 1
        }
    ],
    "sprites":[
        {
            "anim01":[
                {
                    "fps":8,
                    "loop": 1,
                    "useTex":[
                        "s_01","s_02","s_03","s_04","s_05","s_06","s_07","s_08","s_09","s_10"
                    ]
                }

            ]
        }
    ]
}
